{
  "employees": [
    {
      "employeeid": "1233",
      "empname": "chikku",
      "empemail": "ergee@gamil.com",
      "salary": 10000000,
      "department": "dark",
      "id": "1233"
    },
    {
      "id": "1234",
      "employeeid": "1234",
      "empname": "jhjh",
      "empemail": "ws@gm",
      "salary": 0,
      "department": "sdfs"
    },
    {
      "employeeid": "1",
      "empname": "me",
      "empemail": "ergee@gamil.com",
      "salary": 111,
      "department": "cs",
      "id": "1"
    }
  ]
}